Time (h),Crystallite Size (nm),Crystallite Size Error (nm)
-2.0555869442844448,0.13330722654611252,0.2278492364604977
-1.695518333297778,0.13330722654605673,0.25292043771793143
-1.3354066666666669,0.1333072265460719,0.2152762744546075
-0.9752713888711113,0.13330722654605742,0.22211125899449707
-0.6151169443555558,0.1333072265538367,0.2218921645233688
-0.2549380553955558,0.13330722654609897,0.25598418919836413
0.10526527786666628,0.13330722654605726,0.21197195066392277
0.4653663889066664,0.13330723510619907,0.2466926633402593
0.8254666668088886,0.1333072265460573,0.27071382729159676
1.1856047223466661,0.13330722654605828,0.26701268412868984
1.545641389084444,0.3919885884102805,0.09607546241677044
1.9057555555555554,0.23067930286709543,0.14544492104903273
2.265854444515556,0.3509797970604473,0.10656924943905091
2.626030277831111,0.1333072265480098,0.2350051470385818
2.986233888995555,0.3419703384739405,0.10170543325687383
3.3462824999822223,0.31990013804971307,0.1217447037721368
3.7064027778844437,0.592501469652507,0.07567439981050625
4.066543333404444,0.42339446010412307,0.08509708813951727
4.4266150000355555,0.5239197988629279,0.07228301087505351
4.786771389013333,0.6232971035977721,0.06647988228388176
5.146860555662222,0.6408891708179771,0.06304784774592971
5.506995833457778,0.5419885502199496,0.06885745633311653
5.867141111182222,0.686300601584637,0.06370187192200719
6.227269166648888,0.8338306870911414,0.06084967983242666
6.587332222293332,0.7109623641109647,0.06628155526848514
6.947484166684443,0.8204188537061714,0.05754490757630364
7.307598888959999,1.0245335559962647,0.06179566416603775
7.667793055573332,0.7185430088142013,0.05091337870151757
8.02795000007111,0.8519567240295655,0.05877641246457466
8.388138055679999,0.9658298744421032,0.052606323755368035
8.748307500088888,1.0993481599130788,0.05751688406412538
9.107131944533332,0.7884654446533729,0.04207683323255311
9.46734805575111,0.9931511025669565,0.04318654045577174
9.827524722346666,0.9635277801124731,0.04352276403543298
10.187694166755556,1.0542005219710533,0.0456623890769491
10.547819444622222,1.0060171484483538,0.052356001601703624
10.907985277866665,1.0725709016446963,0.03790190850659242
11.268139444622223,1.0604424928697394,0.04902936507554614
11.62830583352889,0.895011045494276,0.048158945211682895
11.988498888959999,1.1951515565169273,0.04185647544431116
12.34870916664889,1.2708430607301497,0.051704221990102904
12.708864722204444,1.0788219841540978,0.045628809397455235
13.06903944448,1.1161460958476714,0.04496070259977516
13.429208889031111,0.9606185685437529,0.04056924007282356
13.789463333404445,0.9622773830899242,0.0413810572131833
14.149712777955553,1.0560002822873022,0.04015030579751535
14.509965000106664,0.9699856011332073,0.042001904334265865
14.870121666702222,1.2110639962907837,0.0400939070613594
15.230352777955556,0.9496504563680843,0.04337763288519245
15.590532500053335,0.9137008151840701,0.04091024114960693
15.950684166684443,1.1518043053342741,0.040703642409623306
16.31089805568,0.7805814626835295,0.04027743962564458
16.671089722311113,0.975535910853423,0.03897968036044567
17.03132638904889,0.9624689778661898,0.040551370368926816
17.391555000177778,0.8081843638717706,0.03552247356573189
17.751800277902223,0.9404678674031198,0.03528572881210616
18.11197194453333,0.7846049822207045,0.039671946603940786
18.47216027790222,0.9516920029289105,0.04210183112223913
18.832388055608888,0.7310480067440331,0.04696241575062819
19.19262972231111,0.6705509507543119,0.05670036997425709
19.552780833422226,0.7145284932331396,0.05479832078526584
19.912963889066667,0.9317823363275985,0.03991017308504519
20.273161111182223,0.9859616893590718,0.04045308149102431
20.63338722232889,1.005922631460921,0.038609574007006334
20.993634444515553,0.7902998566180879,0.038978758285337554
21.353995555697775,0.9902766646465891,0.054244638825946476
21.714190277973334,0.9008110006676155,0.0413097513830219
22.074352777955557,0.86979001739552,0.051877690489042644
22.434564722346664,0.864357386983724,0.043262578256310344
22.794728333368887,0.9367425857470143,0.04623422080844591
23.15498805560889,1.049578947066705,0.042026622418494614
23.51514888888889,0.9879652777702974,0.0453332841169661
23.875321944604444,1.0178206241264174,0.04447164587467601
24.235604722346668,1.1894794809367206,0.050910497167969464
24.595812777813332,0.9685081752314564,0.051692431155495946
24.95605500003556,1.1229041472435692,0.04798174894750393
