Time (h),Relative Intensity (a.u.)
-2.0269424999822223,0.20036406624109634
-1.666825555626667,0.19496967243594313
-1.3066738888533336,0.1693323727387773
-0.9465405555200002,0.1756325525593707
-0.586387499946667,0.19851278042415738
-0.22615833344000014,0.20180552629993617
0.13391472213333344,0.20762348257978394
0.49408305550222176,0.18733906528122463
0.854191388871111,0.23800406713290773
1.214274166613333,0.22000943787374563
1.574348611128889,0.23084119548121307
1.934461666702222,0.24991734222026113
2.2945780555377775,0.22658615097647616
2.654761666702222,0.241165262915956
3.014944166684444,0.26235623156963594
3.3750047222044444,0.2762357429119321
3.7351080554666662,0.27250927239272055
4.095230555448889,0.2596589934477923
4.455322222364444,0.27940114324853726
4.815470833351111,0.27182851316194995
5.175591944391111,0.2997028353696689
5.535700277759999,0.2986077777983855
5.895838888817778,0.3027901274283065
6.255952222151111,0.29292874388653556
6.6160705555911115,0.2780026851741131
6.976193888995555,0.2972625305320195
7.336315555555556,0.28982950155364545
7.696532500053333,0.305140319759963
8.056679444479999,0.3143862568947998
8.416887222186666,0.3294468548081615
8.777016388977778,0.4158798311085801
9.135886944568888,0.38014874184000647
9.496090555591111,0.38531275144298954
9.856283055502221,0.41796292419071124
10.216412777813332,0.41136675128902683
10.576555277795554,0.4324135668317641
10.93671194439111,0.37408842918646257
11.29684027776,0.39047148161836004
11.657084444444443,0.42872955906037036
12.017253611093334,0.44436087528707524
12.377430000071111,0.43060988272859546
12.737597222115555,0.4046544884122917
13.097793055573332,0.4314261204633337
13.457944444444445,0.5004878795581409
13.818290555591112,0.5499769155098048
14.178510833351112,0.5475762503537662
14.538698055537779,0.5082975136983927
14.898911944533332,0.4889393533271504
15.259105555626668,0.5120226036433175
15.619263888782221,0.4644666499322981
15.979434166755553,0.4624480722461766
16.339671666773334,0.5053519811249276
16.699864166684442,0.47236652663244716
17.060124444444444,0.48804340767914917
17.420373333475556,0.46636160782681474
17.78053333333333,0.42168806780914847
18.140715277795554,0.43845972087512447
18.500963055502222,0.5046892871208953
18.861182222222222,0.5130926772404766
19.221354444373333,0.49286606439470465
19.58153944448,0.4917831335540481
19.941703611022223,0.487825387701457
20.301966388906663,0.510719760495894
20.662157500017777,0.5279312680794562
21.02251638883555,0.4913440200166576
21.382762222222222,0.5150769096056138
21.742936666595554,0.5350103716366065
22.103144999964442,0.5031726005153484
22.46330083328,0.5339755902653327
22.823523888924445,0.5307887371155945
23.18373194439111,0.49868000039569066
23.543906388906667,0.5588396884576041
23.90415249991111,0.5226514346554626
24.26439083335111,0.5703136236689815
24.624612777813333,0.6019973942078853
